user_id,kyc_speed_sec,account_age_days,is_high_risk_career,is_high_risk_income,career_income_risk,career_freq,is_app_user,reg_hour,reg_is_night,reg_is_weekend,reg_to_kyc1_days,twd_dep_count,twd_dep_sum,twd_dep_mean,twd_dep_std,twd_dep_max,twd_wit_count,twd_wit_std,twd_wit_max,twd_net_flow,twd_withdraw_ratio,twd_smurf_flag,twd_wit_ip_ratio,crypto_dep_count,crypto_dep_mean,crypto_dep_max,crypto_wit_count,crypto_wit_sum,crypto_wit_mean,crypto_wit_max,crypto_currency_diversity,crypto_protocol_diversity,crypto_wallet_hash_nunique,crypto_internal_count,crypto_internal_peer_count,crypto_wit_ip_ratio,trading_mean,trading_max,trading_buy_ratio,trading_market_order_ratio,swap_count,swap_sum,ip_unique_count,ip_night_ratio,ip_max_shared,fund_stay_sec,pagerank_score,connected_component_size,total_tx_count,first_to_last_tx_days,weekend_tx_ratio,dep_to_first_wit_hours,twd_to_crypto_out_ratio,tx_amount_cv,rapid_kyc_then_trade,crypto_out_in_ratio,same_day_in_out_count,tx_interval_mean,tx_interval_std,tx_interval_min,tx_interval_median,amount_p90_p10_ratio,active_days,if_score,hbos_score,lof_score,gnn_emb_0,gnn_emb_1,gnn_emb_2,gnn_emb_3,gnn_emb_4,gnn_emb_5,gnn_emb_6,gnn_emb_7,gnn_emb_8,gnn_emb_9,gnn_emb_10,gnn_emb_11,gnn_emb_12,gnn_emb_13,gnn_emb_14,gnn_emb_15
1000008,-0.217543289065361,0.199006512761116,,,,0.2203251719474792,,,,,,,,,,,,,,0.1378477066755295,,,,,-0.1191782429814339,,,-0.1218984723091125,,,,,,,,,,,,,,-0.1458147317171097,0.1877970993518829,,,,,,,,,,,,,,,,,,-0.2498100101947784,,,,,-0.152866929769516,,,,,,,,,,,,,,,,
978404,,0.1383151710033417,,,,-0.3058002293109894,,,,,,,-0.1370325684547424,,,,,,,-0.1152349263429642,,,,,,,,,,,,-0.2018139064311981,,,,,,,,,0.145270824432373,0.6760557889938354,,,,,,,,,,,,,,,,,,-0.1143835112452507,0.3121565282344818,,,,,,,,,,,,-0.1763668954372406,,,,,,,,,
194816,,-0.5340978503227234,,,,0.1399544030427933,,-0.1466690301895142,,,,,0.1290918290615082,,,,,,,,,,,,,,,0.3594516217708588,,,,,,,,,,,,,,-0.2520138621330261,,,,,,,-0.1350297480821609,,,,,,,,,,,0.1707060486078262,0.2316587120294571,,,,,,,,,-0.195099264383316,,,,,,,,,,,,
362176,,-0.1389392912387848,,,,,-0.1666868478059769,,,,,0.133315235376358,,,,,,,,,,,,,,,,,,,-0.1522124260663986,,,,,,,,,,0.1428644359111786,0.3188282549381256,,,,,,,0.1076882109045982,,-0.1841885149478912,,,,,,,0.1363954842090607,,,-0.1038264110684395,,,,,,,,,,,,,,,,,,,,,
652603,,-0.2411872446537018,,,,,,,,,,,,,,,,,,0.1496360152959824,,,,0.09822124242782593,0.1076816394925117,0.08946503698825836,,,,,,,,,,,,,,,,-0.1117083951830864,0.4170193374156952,,0.1695150583982468,,,,,,,,,,,,,,,,-0.2080995887517929,,,-0.0989345833659172,,,,,,,,,,,,,,,,,,
147310,,-0.4965706169605255,,,,,,,,,,,0.1672098189592361,,,,,,,-0.1839895099401474,,,,,-0.261852353811264,-0.1757882833480835,,0.2564876973628998,,,,,,,,,,,,,,0.4472932517528534,,-0.3755292296409607,,,,,,,,,,,,,,,,,-0.3237214684486389,,,,,,,,,,,,,,-0.1432873904705048,,,,,,,
939434,,0.2056407779455185,,,,-0.3278770446777344,,-0.2152899652719498,,,,-0.1671569496393204,,,,,,,,,,,,,,,,0.2616148889064789,,,,,,,,,,-0.1803985983133316,,,,-0.2016408145427704,,,,,,,-0.1671577543020248,,,,-0.1988587528467178,,,,,-0.2145642340183258,,,,,,,,,,,,,,,,,,,,,,,,
894976,,0.1829031854867935,,,,,,-0.1646782755851746,,,,,,,,,,,,,,,,,,,,-0.1579383611679077,,,,,,,,,-0.1288694739341736,-0.1428062319755554,,,,-0.1888571977615356,,,,,,,,,-0.1607948988676071,,,,,,,,-0.1562264263629913,-0.1482196748256683,-0.2880423367023468,,,,,,,,,,,,,,,,,,,,,
819235,,0.1212930157780647,,,,,,,,,,,,,,,,,,,,,,,-0.2961986660957336,-0.1748718619346619,,-0.09614867717027664,,,,,,,,,,,,,,0.3217546343803406,,,,,,,,,-0.2314658463001251,,,,,,,-0.1185022667050362,,,-0.4789843559265137,,,,,-0.1365428417921066,,,,-0.1005980595946312,,,,,,,,,,,,
404505,,-0.1939385086297989,,,,0.09899628907442093,,,,,,,0.1171333640813828,,,,,,,,,,,,,,,-0.1652052849531174,,,,,,,,,,,,,0.219619557261467,0.6203972101211548,,0.1055035665631294,,,,,,,,,,,,,,,,0.2559486925601959,0.2541451752185822,,,-0.1841947138309479,,,,,,,,,,,,,,,,,,
761504,,-0.2038022577762604,,,,,,,,,,,,,,,,,,,,,,,,,,-0.1957638561725616,,,,,,,,,,,,,,0.186542421579361,,-0.3524852097034454,,,,,,,-0.1496776044368744,,,,,,,-0.1615445613861084,-0.1486153900623322,-0.1525664478540421,-0.1688866168260574,,,,,,,,,-0.2117481529712677,,,,,,,,,,,,
928750,,0.2579278945922852,,,,,,-0.1399284452199936,,,,-0.1145395711064339,,,,,,,,,,,,,,,,0.5460026264190674,,,,,,,,,,,,,,-0.1353823691606522,,,,,,,-0.1237398087978363,,0.1139399856328964,,-0.1142135486006737,,,,,-0.2227234989404678,,,-0.3988148868083954,,,,,,,,,,,,,,,,,,,,,
919708,,0.2335649132728577,,,,,,,,,,,0.1358502209186554,,,,,,0.4016898572444916,-0.2681915163993835,,,,,,,,-0.1962915807962418,,,,,,,,,,,,,-0.1293037086725235,-0.3438891470432281,,,,0.1876984536647797,,,,,-0.4882038831710815,,,,,,,-0.1290432512760162,,,,,,,,,,,,,,,,,,,,,,,,
954696,-0.3166343569755554,0.18483005464077,,,,,,,,,,,-0.1275563389062881,,,,,,0.1652299612760544,,,,,,,,,-0.123926617205143,,,,,,,,,,,,,0.1171176955103874,0.5195698738098145,,,,,,,,,,,,,,,,,,-0.1149424090981483,-0.7872118949890137,,,,,,,,,,,,,,-0.1347292363643646,,,,,,,
992085,-0.1205888316035271,0.1114078462123871,,,,,,,,,,,,,,,,,,-0.1341686397790909,,,,,,,,-0.1628280431032181,-0.2055974453687668,,-0.1411601603031158,,,,,,,,,,,-0.2022484540939331,,-0.3048217296600342,,,,,,,-0.2209474146366119,,,,,,,,,,0.1405825763940811,,,,,,,,,,,,,,,,,,,,,
754994,,-0.1933077871799469,,,,,,-0.1955136805772781,,,,,,,,,,,,,,,,,-0.2440924942493439,-0.1667274683713913,,0.5644980669021606,,,,,,,,,,,,,,-0.1691803783178329,,,,,,,-0.09590572118759155,,,,,0.1121794879436493,,,,0.1257097274065018,,,,,,,,0.09495306760072708,,,,,,,,,,,,,,,,
388032,,-0.167520135641098,,,,,,-0.1265044808387756,,,,,-0.1054604724049568,,,,,,,-0.1213742271065712,,,,,,,,-0.1412905007600784,,,,,,,,,,,,,,0.2162754684686661,,,,,,,,,0.1113615855574608,,,,,,,,-0.1234870105981827,,0.2169105708599091,,,-0.1880343109369278,,,,,,,,,,,,,,,,,,
563233,,-0.2109915465116501,,,,,-0.1684007942676544,,,,,,,,,,,,0.1884700655937195,0.110298365354538,,,,,0.1042321398854256,,,-0.1708137542009354,,,,,,,,,,,,,,-0.2506520450115204,,,,,,,,,0.1394665986299515,,,,,,,,,,,,,,,,,,,,-0.1617597490549088,-0.1443870812654495,,,,,,,,,,
886658,,0.1637474745512009,,,,,,-0.1516438573598862,,,,,,,,,,,0.1691033542156219,,,,,,-0.1677687168121338,-0.136621281504631,,,,,,,,,,,,,,,,0.4876498281955719,,-0.3435187339782715,,,,,,,,-0.2283080369234085,,,,,,,,,0.1588666439056396,,,,,,,,,,,,,,,-0.136815145611763,,,,,,
243467,,-0.1816782504320145,,,,,,-0.2250661998987198,,,,,,,,,,,0.1265031397342682,,,,,0.1944032460451126,-0.1474482268095016,-0.1287056505680084,,,,,,-0.1376405358314514,0.1519160121679306,,,,,,,,,,,,,,,,,,,,,,,,,,,,0.2539300918579102,,,,,,,,,,-0.3419971466064453,,,,,,,,,,,
968178,,0.3685784935951233,,,,,,,,,,,0.1951657384634018,,,,,,,,,,,,,,,0.4674639999866486,,0.2062770426273346,,,,,,,,,,0.4583553373813629,,-0.1636004149913788,,,,,,,,,,,,,,,,,-0.1774979829788208,,-0.1545854955911636,,,,,,,,,,,,,,,-0.1623184531927109,,,,-0.1432171761989594,,
997440,,0.4804955422878265,,,,0.1414073258638382,,,,,,,,,,,,,,-0.114179827272892,,,,,,,,-0.1752749383449554,,,,,,,,,,,,0.4143065214157104,,-0.2209796458482742,,,,,,,,,0.1259275525808334,,,,,,,0.1235355138778687,,0.1626921892166138,,,,,,-0.1838600635528564,,,,,,,,,,,,,,,,
918351,,0.1931385397911072,,,,0.1422461569309235,,,,,,,,,,,,,,0.1336687654256821,,,,,,,,-0.1693935245275497,-0.09487897157669067,,,,,,,,,-0.1193486526608467,,,,-0.2669244706630707,,,,,,,,,0.1198048293590546,,,,,,,,,0.2128764539957047,,,,-0.1147301569581032,,,,,,,,,,,,,,,,,,
929789,-0.2025997191667557,0.2760649025440216,,,,,,,,,,-0.1287539601325989,,,,,,,,,,,,,,,,0.3190339207649231,,0.1341174095869064,,,,,,,,,,0.6578510999679565,,-0.175178736448288,,,,,,,,,-0.2718086242675781,,,,,,,,,,0.1605785489082336,,,,,,,,,,-0.1984270662069321,,,,,,,,,,,
999712,-0.1789633929729462,0.3980035781860352,,,,,,,,,,,,,,,,,,-0.15859255194664,,,,,,,,-0.2737079262733459,,,,,,,,,-0.1264345347881317,-0.1479184329509735,,,,-0.2344262301921844,,,,,,,,,,,,,,,,,,,0.1921712905168533,,,-0.2039595246315002,,,,,-0.1297715157270432,,,,,,,,,,,,,
537879,,-0.3296688199043274,,-0.09961649030447006,,,,-0.2408804297447205,,,,,-0.1159819364547729,,,,,,,-0.1411793977022171,,,,,,,,-0.1934691220521927,,,,,,,,,,,,,-0.09523840248584747,-0.2885758876800537,,,,,,,,,,,,,,,,,,0.1162410005927086,0.1467320024967194,,,,,,,,,,,,,,,,,,,,,
618623,,-0.2947298586368561,,,,,,,,,,-0.1576494127511978,0.2354773133993149,,,,,,,,,,,,,,,0.5951933860778809,,,,,,,,,,-0.120206743478775,-0.1891079843044281,,,-0.1849213689565659,,,,,,,-0.1304225772619247,,0.1156989187002182,,,,,,,,,,0.1375237554311752,,,,,,,,,,,,,,,,,,,,,
80792,,-0.3728284239768982,,,,,-0.1814830750226974,,,,,,,,,,,,,,,,,,,,,,,,,,,,,,,,,,,-0.1804690808057785,0.1739525943994522,,,,,,,,,,,,,,,,,,-0.3928662538528442,,,,,,,,,,,,-0.302091658115387,-0.1839222013950348,,-0.3084433376789093,,,,-0.1516465991735458,,-0.231788769364357
434300,,-0.1754980087280273,,,,,,-0.1833962798118591,,,,,,,,,,,,-0.1536280065774918,,,,0.2139837741851807,,,,-0.2119557708501816,,,,,,,,,,,,,,-0.1655145585536957,,,,,,,,,,-0.1998062878847122,,,,,,,,,,,,,,,,,-0.1803680956363678,,,,,,,-0.1960773915052414,,,,,,-0.1678535342216492
878883,-0.1264033019542694,0.1604084372520447,,,,0.1431980133056641,,,,,,,,,,,,,,,,,,0.1994319707155228,,,,0.2591958045959473,,,,,0.1462308168411255,,,,,,,,,-0.1131713017821312,,-0.1865238845348358,,,,,,,-0.1314363330602646,,,,,,,,,,0.1987574100494385,,,,,,,,,,,,,,,,,,,,,
281406,,-0.2142400741577148,,,,,,-0.1534441262483597,,,,,,,,,,,,,,,,,,,,,,,,,,,,,,,,,,,0.3049124479293823,,0.1443114280700684,,,,,,,,,,,,,,,,-0.3765911161899567,,,-0.1476844847202301,,,,,,-0.2313700020313263,,,-0.2049139440059662,,,-0.1333802044391632,0.1342984139919281,,,,,
118996,,-0.2615658938884735,,,,0.1414509564638138,,-0.237410381436348,,,,,,,,,,,0.2364553362131119,,,,,0.2332382202148438,-0.1574380695819855,,,,,,,,,,,,,,,,,,,,,,,,,,-0.1519842594861984,-0.2253274172544479,,,,,,,,,0.2395836263895035,,,,,,,,,,,,,,-0.1417312622070312,,,,,,,
898018,-0.3617120087146759,0.1583624929189682,,,,,,,,,,,-0.1192132011055946,,,,,,,,,,,,,,,-0.2590194344520569,-0.1340574473142624,,,,,,,,,,,,,-0.2229505479335785,,-0.4024830758571625,,,,,,,,,,,,,,-0.1243702992796898,,,-0.1317518353462219,,,-0.1262547969818115,,,,,,,,,,,,,,,,,,
607182,,-0.2338399291038513,,,,,,0.1375923752784729,,,,,-0.1415596306324005,,,,,,,,,,,,,,,-0.1590194851160049,,,,,,,,,,,,,0.1767154186964035,0.4926380515098572,,0.1129462197422981,,,,,,,-0.4061987102031708,,-0.1132690161466599,,,,,,,-0.09486930072307587,,,,,,,,,,,,,,,,,,,,,,
400913,,-0.1650202721357346,,,,,,,,,,,,,,,,,0.1662493497133255,0.1187074482440948,,,,,,,,-0.1419151872396469,,,,,,,,,,,,,,-0.2404383569955826,,-0.2859298586845398,,,,,,,,,,0.1645508110523224,,,,-0.4352360367774963,-0.2762819826602936,,-0.3090616464614868,,,,,,,,,,,,,,,,,,,,,
905969,,,,,,,,,,,,,,,,,,,,-0.1247022673487663,,,,,-0.2193198502063751,-0.1293142288923264,,0.4158895015716553,,,,-0.1563368141651154,,,,,,,,,,-0.136119082570076,,,,,,,,,,,,,,,,-0.1786516308784485,-0.1886064410209656,-0.1255338937044144,0.1855676472187042,,,,,,,,,,,,,,,,,,,,,
964396,,0.1350069046020508,,,,,,,,,,,0.1322915405035019,,,,,,0.1812842786312103,,,,,,-0.1137598007917404,-0.1066499501466751,,,,,,,,,,,,,,,,0.1603264957666397,,-0.3406750559806824,,,,,,,,,,,,,,-0.1659224927425385,-0.2164749503135681,,0.2323905229568481,,,,,,,,,,,,,,,,,,,,,
139688,,-0.3852130770683289,,,,,,,,,,,0.1211932599544525,,,,,,,,,,,0.1281462609767914,-0.2563419044017792,-0.1978339105844498,,0.2210708409547806,,,,,,,,,,,,,,,,0.1338690370321274,,,,,0.1343235671520233,,,,,,,,,,,,-0.5512830018997192,,,,,,,,,-0.3384183049201965,,,,,,,,,,,,
867652,-0.1800173074007034,0.1981698572635651,,,,0.177425816655159,,,,,,,,,,,,,,0.1486273556947708,,,,,,,,,,,,,,,,,,,,,,-0.1128188446164131,0.3652840554714203,,0.1592436283826828,,,,,,,,,,,,,,,,-0.2285196185112,,,-0.1104602292180061,,-0.1654182374477386,,,,,,,,,,,,,,,,
979312,,0.1825580447912216,,,,,,,,,,,0.1339241713285446,,,,,,,,,,,,-0.2018013894557953,-0.1625862717628479,,0.1124390885233879,,,,,,,,,,,,,0.1042169481515884,0.4716440439224243,,-0.2670091986656189,,,,,,,-0.1061889380216599,,,,,,,,,,0.2642543315887451,,,,,,,,,,,,,,,,,,,,,
392024,,-0.1460473537445068,,,,,,,,,,,,,,,,,,,,,,,,,,-0.1450013220310211,,,,,,,,,,,,,0.1881122291088104,0.2487274706363678,,,,,,,,,-0.2202030271291733,,,,,,,-0.1884621381759644,-0.1380436271429062,0.2960651814937592,0.2790799736976624,,,,,,,,,,,,-0.2558004558086395,,,,,,,,,
861350,,0.2017731964588165,,,,0.1734951883554459,,-0.2440003454685211,,,,,,,,,,,,,,,,,,,,0.2727804481983185,,,,,,,,,,,,,,0.4680507183074951,,,,,,,,,-0.1602583527565002,,,,,,,-0.2424026280641556,-0.2208801656961441,,-0.759769082069397,,,,,,,,,,,,-0.1483228951692581,,,,,,,,,
110317,,-0.4267177283763885,,,,0.2280074059963226,,,,,,,,,,,,,,-0.2570544183254242,,,,,,,,-0.2421549707651138,,,,,,,,,,,,,,-0.2802628576755524,,,,,,,,,0.122975192964077,,,,,,,,,-0.124049611389637,-0.3978349268436432,,,,,,,,,,,,,,,,,-0.1360832303762436,,-0.1743003576993942,,
861115,,0.1817290335893631,,,,0.1262371987104416,,,,,,,-0.1593689918518066,,,,,,,,,,,,-0.1634888350963593,-0.1348159462213516,,-0.1771720945835114,,,,,,,,,,,,,,0.3245539665222168,,-0.2980575263500214,,,,,,-0.2002037614583969,,,,,,,,,,,-0.4700661599636078,,,,,,,,,,,,,,,,,,,,,
667209,,-0.3644151985645294,,,,,,,,,,,0.1227295622229576,,,,,,,,,,,,,,,0.1563012301921844,,,,,,,,,,,,,0.1153965592384338,0.4145641028881073,,,,,,,,,,,,,,,,-0.2007305026054382,-0.1533265858888626,,-0.6863596439361572,,,-0.2009612321853638,,,,,,,,,-0.1745105683803558,,,,,,,,,
777392,,-0.2080504447221756,,,,,,0.1045750826597214,,,,,-0.115314818918705,,,,,,,-0.1109545901417732,,,,,,,,-0.204975426197052,,,,,,,,,,,,,0.1259175539016724,0.1596154719591141,,-0.4215392470359802,,,,,,,0.09837818145751953,,,,,,,0.1168839260935783,,,,,,,,,,,,,,,,,,,,,,,,
982315,,,,,,,-0.3749763071537018,,,,,,0.1537687033414841,,-0.1155845001339912,,,,,,,,,,,,,0.3904469013214111,,0.1193831413984299,-0.151106670498848,,,,,,,,,,,-0.2017205804586411,,0.1101892963051796,,,,,,,0.1096302345395088,,,,,,,,,,0.1864568740129471,,,,,,,,,,,,,,,,,,,,,
977702,,0.1618447601795197,,,,0.1692928820848465,,,,,,,,,,,,,,,,,,,-0.3172001838684082,-0.2063085436820984,,-0.1122815385460854,,,,,,,,,,,,,,0.1723406910896301,,0.09542566537857056,,,,,,,,,-0.08918682485818863,,,,,-0.1788983345031738,,,,,,,,-0.1214112713932991,,,,,,,,,,,,,,,,
897836,,0.1987487077713013,,,,,,,,,,,,,,,,,,,,,,,-0.1973031759262085,-0.1713458448648453,,-0.1463602632284164,-0.09658635407686234,,,,,,,,,,,,0.09506139904260635,0.1502198874950409,,0.0914507731795311,,,,,,,,,,,,,,,,-0.1955513060092926,0.236218586564064,,,,,,,,,,,,,,,,,,,,,
147261,,-0.6063196659088135,,,,-0.5149678587913513,,,,,,,,,,,,,,-0.1446365267038345,,,,,,,,-0.1788201481103897,,,,,,,,,,,,0.2109555900096893,,-0.1702369898557663,,,,,,,-0.1199589446187019,,,,,,,,,-0.2317729890346527,,,-0.3582864999771118,,,,,,,,,,,,,,,-0.1219233125448227,,,,,,
806460,-0.2437257915735245,,,,,-0.5186790823936462,,,,,,,,,,,,,,0.1562256664037704,,,,,0.1047278419137001,,,,,,,,,,,,,,,,,-0.1175486668944359,0.3522296547889709,,0.1457561850547791,,,,,,,,,,,,,,,,-0.1914394944906235,,,-0.09820389002561569,,-0.1102723106741905,,,,,,,,,,,,,,,,
226398,,-0.3068158626556396,,,,,,,,,,,,,,,,,,,,,,,-0.256008118391037,-0.1270739734172821,,-0.1427745372056961,,,,,,,,,,,,,,-0.1931851953268051,,,,,,,,,,,,,,,,-0.2022353112697601,-0.1622515618801117,0.07285483926534653,0.2340198904275894,,,,,,,-0.08472062647342682,,,,,,,,,,,,,,
728823,,-0.2206894159317017,,,,0.1380195915699005,-0.1484902203083038,,,,,,-0.1357658058404922,,,,,,,,,,,,,,,-0.1691258102655411,,,,,,,,,,,,,0.1782381236553192,0.4598444998264313,,,,,,,,,,,-0.1439590752124786,,,,,,,-0.1329479515552521,0.1411368250846863,,,,,,,,,,,,,,,,,,,,,
756889,,-0.1455054730176926,,,,,,-0.2369621098041534,,,,,,,,,,,,-0.2840236723423004,,,,,,,,-0.2729729413986206,,,,,,,,,,,,,,-0.2834246754646301,,,,,,,,,0.1470153480768204,,,,,,,,,,-0.3145796656608582,,,-0.1332881599664688,,,,,,,-0.182195246219635,-0.311333179473877,,,,,,,,,,
970320,,0.2340026795864105,,,,0.1531771868467331,,0.1207110807299614,,,,,,,,,,,,-0.1461800038814545,,,,,,,,-0.2194556295871735,,,,,,,,,,,,,0.1242201924324036,,,,,,,,,,,,,,,,,,,0.2910719811916351,0.2854484021663666,,,-0.1648999154567719,,,,,,,,,,,,,,,-0.1140991002321243,,,
383036,,-0.131652906537056,,,,,-0.1325439661741257,,,,,,-0.133840024471283,,,,,,,,,,,,,,,-0.1572589129209518,,,,,,,,,,,,,0.1265194714069366,0.2359523773193359,,-0.3759715557098389,,,,,,,-0.3527032434940338,,,,,,,,,,-0.4130545854568481,,,,,,,,,,,,,,,,,,,,,-0.1910943239927292
511328,,-0.1661689132452011,,,,0.1983144879341125,-0.1573681533336639,,,,,,-0.13194440305233,,,,,,,,,,,,,,,-0.201520174741745,,,,,,,,,,,,,0.1691901683807373,-0.1808509230613708,,,,,,,,,,,,,,,,-0.1750661879777908,-0.3071140348911285,,-0.4049301147460938,,,,,,,,,,,,,,,,,,,,,
300025,,-0.2060664296150208,,,,0.1255952715873718,,,,,,,-0.1114413067698479,,,,,,,-0.157199501991272,,,,,,,,-0.1856598705053329,,,,,,,,,,-0.114181824028492,,,,-0.2637604773044586,,,,,,,,,,,,,,,,,,,-0.1438577473163605,,,-0.1994376480579376,,,,,-0.1807872802019119,,,,,,,,,,,,,
324394,,-0.2021385133266449,,,,,,,,,,,,,,,,,,,,,,-0.1564708352088928,,,,-0.1565706729888916,,,,,,,,,,,,,,-0.1923580020666122,-0.1090451702475548,,,,,,,,,,,,,-0.1116399839520454,,-0.1122141182422638,,-0.08936621993780136,-0.2811508774757385,,,-0.1080556884407997,,,,,,,,,,,,,,,,,,
991230,,0.1412430554628372,,,,,-0.2700699269771576,,,,,,-0.1290668696165085,,,,,,,,,,,,,,,-0.1533273607492447,,,,,,,,,,,,,,0.435799241065979,,0.0986395999789238,,,,,,,0.1040729880332947,,,,,,,,,-0.1407933980226517,0.1507188975811005,,,,,,,,,,-0.1778603196144104,,,,,,,,,,,
657950,,-0.2671210765838623,,,,,,,,,,,,,,,,,,-0.1865766942501068,,,,,,,,-0.1745778471231461,-0.12385443598032,,,,,,,,,,,,,0.7054005265235901,,,,,,,,,,,,,,,,-0.1669811606407166,,-0.1431367993354797,-0.5999817848205566,,,,,,,,-0.1171353608369827,,,,,,,,,-0.1478736102581024,,,,
810349,,0.1312933564186096,,,,,,-0.2486665397882462,,,,,,,,,,,,0.1615269780158997,,,,0.1036891415715218,0.1244237050414085,,,,,,,,,,,,,,,,,-0.1135804653167725,0.4004479944705963,,0.1680106520652771,,,,,,-0.2553617656230927,,,,,,,,,,-0.1862052977085114,,,,,,,,,,,,,,,,,,,,,
609523,-0.267425000667572,,,,,,,,,,,0.1286308765411377,,,,,,,,-0.1475226581096649,,,,,,,,-0.1351699233055115,,,,,,,,,,,,,0.1246947199106216,0.429789662361145,,,,,,,,,,,,,,,,,,,-0.7389901280403137,,,,,,,,-0.1692820936441422,,,,,,,,,,-0.1328595131635666,,,-0.2040364295244217
990101,,0.1720781475305557,,,,,,,,,,,-0.158291220664978,,,,,,,,,,,,,,,-0.1301493346691132,,,,,,,,,,,,,0.1714736521244049,0.4517295956611633,,,,,,,,,-0.2554545104503632,,,,,,,,,0.2731192708015442,0.2065459340810776,,,,,,,,-0.1373082846403122,,,,,,,,,,,,,-0.2068307399749756
973113,,0.2624764144420624,,,,,,-0.2540887892246246,,,,,,,,,,,,-0.1644425988197327,,,,,,,,-0.1919962614774704,,,,,,,,,,,-0.1756064742803574,,,-0.2612626552581787,,,,,,,,,,,,,,,,-0.1925693303346634,,,0.1994373947381973,,,-0.2140212804079056,,,,,,,,,-0.2333769947290421,,,,,,,,,
995873,,0.2461618036031723,,,,-0.09712150692939758,,,,,,,,,,,,,,0.1005517765879631,,,,,,,,-0.2230549603700638,-0.1371381133794785,,,,,,,,,,,,,-0.2375054657459259,,,,,,,,,,,,,,,,0.09428243339061737,,0.1201396584510803,0.1865470856428146,,,,,-0.1099787503480911,,,,,,,,,,,,,,,,
898969,,0.2838936150074005,,,,,,-0.1868246346712112,,,,,,,,,,,,,,,,,-0.2119645625352859,-0.1926425844430923,,0.1404952108860016,,,,,,,,,,,,,,-0.2260600328445435,,,,,,,,,-0.1809827387332916,,,,,,,,,,0.2074919492006302,,,,,-0.1331061124801636,,,,-0.1677213758230209,,,,,,,,,,,,
998442,-0.1561209261417389,0.2345664352178574,,,,,-0.2768618166446686,,,,,,,,,,,,,-0.1188762485980988,,,,,,,,-0.148206889629364,,,,,,,,,,,,,,0.1114341914653778,,,,,,,,,,,,,,,,-0.1850681155920029,,-0.1848342716693878,-0.2966301143169403,,,-0.1190174147486687,,,,,,,,,,,,,,,,,,
232087,,-0.3924973905086517,,,,,,,,,,,,,,,,,,-0.1055721566081047,,,,,,,,-0.1603153198957443,,,,,,,,,-0.1103785037994385,,,0.2210248708724976,,-0.1731911599636078,,0.09481538832187653,,,,,0.1149459108710289,,0.1179569587111473,,,,,,,,,,-0.230015441775322,,,,,,,,,,,,,,,,,,,,,
588597,,-0.2278066128492355,,,,-0.3813191652297974,,,,,,,,,,,,,,0.166826531291008,,,,,,,,-0.1993600875139236,,,,,,,,,,,,,,-0.4083481431007385,,,,0.2083983272314072,,,,,-0.2872758507728577,,,,,,,-0.4685153663158417,,,-0.3171036541461945,,,,,,,,,,,,,,,,,,,-0.2348583936691284,,
928414,-0.2317120581865311,0.1229481399059296,,,,,-0.2339634895324707,,,,,,,,,,,,,,,,,,-0.3952161073684692,-0.359742671251297,,,,,,,,,,,,,,,,0.6166356205940247,,,,,,,,,,,,,,,,-0.1110699772834778,,0.1195732951164246,0.1399588733911514,,,,,,,,,,,,,,,-0.1157890856266022,,,,,,
944308,,0.1859470009803772,,,,,,,,,,,-0.09811493754386902,,,,,,,,,,,0.1607767641544342,-0.2105660736560822,-0.1298913806676865,,0.3851852715015411,,0.1457124054431915,,,,,,,,,,,,-0.1242201253771782,,,,,,,,,-0.2022112756967545,,,,,,,,,,0.2225091755390167,,,,,,,,,,,,,,,,,,,,,
927795,-0.2772174477577209,0.1462788134813309,,,,,,,,,,0.1869076192378998,0.2684473097324371,,,,,,,0.1531554609537125,,,,,-0.1386681646108627,,,0.6609055399894714,,,,,,,,,,,,,,,,,,,,,0.1533936262130737,,,,,,,,,,,,,,,,,,,,,,-0.2429812252521515,,,,-0.1430314928293228,,,,,,,
582898,,-0.1638715416193008,,,,0.3171502947807312,-0.1101365387439728,,,,,,,,,,,,0.1667285561561584,0.1606036573648453,,,,,,,,-0.1415496021509171,,,,,,,,,,,,,,-0.1913565397262573,,,,,,,,,-0.4846992492675781,,,,,,,,,,-0.3061289489269257,,,,,,,,,,,-0.2743106484413147,,,,,,,,,,
999673,-0.1731918901205063,0.3827973902225494,,,,-0.4003013968467712,,,,,,,0.1383832544088364,,-0.1435694098472595,,,,,,,,,,,,,0.3730829060077667,,0.1729781627655029,,,,,,,,,,,,-0.1953947693109512,,,,,,,,,,,,,,,,0.1695300787687302,,,0.1383340954780579,,,,,,,,,,,,,,,,,,,,,
977335,-0.159074068069458,0.2048950642347336,,,,-0.3270842432975769,,,,,,0.1827566027641296,0.2804442346096039,,,,,,,,,,,,,,,0.6242154240608215,,,,,,,,,,-0.1617864966392517,,,,0.5103175640106201,,-0.2597803175449371,,,,,,,,,,,,,,,,,-0.2420451194047928,,,,,,,,,,,,,,,,,,,,,
996146,,0.3681040406227112,,,,0.1419682800769806,,,,,,,-0.1262505203485489,,,,,,,-0.1266944408416748,,,,,,,,-0.1934898048639297,,,,,,,,,,,,,,0.1719547808170319,,,,,,,,,,,,,,,,0.1308468580245972,,-0.1582034677267075,-0.2488875091075897,,,,,-0.139145702123642,,,,,,,,,,,,,,,,
190300,,-0.3955977857112885,,,,0.1448629200458527,,,,,,,0.1105957999825478,,,,,,,,,,,,-0.2335479855537415,,,0.1479588896036148,,,,,,,,,,,-0.1242300346493721,,,-0.1537944823503494,,-0.4302589297294617,,,,,,,0.1111760064959526,,,,,,,,,,0.2905727028846741,,,,,,,,,,,,,,,,,,,,,
40892,,-0.2874661087989807,,,,0.1360159665346146,-0.2277736812829971,,,,,,,,,,,,,0.1832264214754105,,,,,,,,-0.1230728030204773,,,,,,,,,,,,,,-0.3327630162239075,,,,,,,,,0.1376494318246841,,,,,,,-0.1298013478517532,,0.1228363811969757,0.1248762980103493,,,,,,,,,,,,,,,,,,,,,
808105,,,,,,,-0.1916104406118393,,,,,,,,,,,,,0.1684089452028275,,,,0.1179968491196632,0.1242991983890533,0.1018952950835228,,,,,,,,,,,,,,,,-0.1005370691418648,0.41961270570755,,0.1740290224552155,,,,,,-0.2371859699487686,,,,,,,,,,-0.196174755692482,,,,,,,,,,,,,,,,,,,,,
122427,,-0.4501709342002869,,,,-0.3042200207710266,,,,,,,0.2211243212223053,,,,,,,,,,,,,,,0.5849562287330627,,,,,,,,,,,-0.2021913081407547,,,-0.1602205634117126,,,,,,,,,,,,,,,,-0.317280501127243,-0.2911463379859924,,,0.1319805383682251,,,,,,,,,,,,,,,0.1472621858119965,,,,,
577274,,-0.3515371680259705,,,,,,-0.183855876326561,,,,,,,,,,,,,,,,,,,,0.1128155589103699,,,,,,,,,,,,0.4316153228282928,,-0.2463044077157974,,,,,,,,,0.1279471963644028,,,,,,,-0.1538918614387512,-0.1259542256593704,0.1138002574443817,0.1831200122833252,,,,,,,,,,,,,,,,,,,,,
979277,,0.1389809250831604,,,,0.1724928617477417,,,,,,,0.1322388797998428,,,,-0.1115865334868431,,,,,,,,,,,0.2237119674682617,,0.1493274569511414,,,,,,,,,,,,0.4798226654529572,,,,,,,,,-0.119653694331646,,,,,,,,,-0.1142188385128975,0.1694590300321579,,,,,,,,,,,,,,,,,,,,,
974477,,0.316605269908905,,,,,,,,,,,,,,,,,,-0.1245966032147408,,,,,,,,-0.1371389925479889,,,,,,,,,,,-0.1307397335767746,,,-0.2464783191680908,,,,,,,,,,,-0.262196272611618,,,,,,,0.1947483420372009,0.2091809809207916,,,,,-0.1468983292579651,,,-0.1117970496416092,,,,,,,,,,,,,
966419,,0.2613464593887329,,,,0.1095607131719589,,-0.1926371455192566,,,,,,,,,,,,,,,,0.1645627915859222,-0.1703114062547684,-0.1550132185220718,,0.5134427547454834,,,,,,,,,,-0.1106813997030258,,,,,,-0.2622090876102448,,,,,,,,,,,,,,,,,-0.5255301594734192,,,,,,,,,,,,,,,,,,,,,
748471,-0.1690736413002014,-0.1933093518018723,,,,,,,,,,,,,,,,,,,,,,-0.09227079153060913,,,,-0.1841852366924286,,,,,,,,,-0.1287040412425995,-0.1421739906072617,,,,-0.1918928027153015,,-0.4704303443431854,,,,,,,0.09368113428354263,,,,,,,,,,0.1361104249954224,,,,,,,,,,,,,,,,,,,,,
177734,,-0.3603421747684479,,,,,-0.1118477955460548,,,,,,,,,,,,,,,,,,,,,,,,,,,,,,-0.09971439093351364,,,,,-0.1630816459655762,,-0.3140218555927277,,,,,0.1178932785987854,,,-0.2888968288898468,,,,,,,-0.1315947622060776,,-0.396612823009491,,,,,,,,-0.1097392737865448,,,,,,,,,,,,,
872077,,0.1721785366535187,,,,,,,,,,,,,,,,,,0.1608343124389648,,,,,0.1239700689911842,0.114789679646492,,,,,,,,,,,,,,,,-0.09814944863319397,0.373895138502121,,0.1720416694879532,,,,,,,,,,,,,,,,-0.2370279580354691,,,-0.2467201501131058,,-0.1401109248399734,,,,,,,,,,,,,,,,
384717,,-0.1899595111608505,,,,0.1477316170930862,,0.08799866586923599,,,,,,,,,,,,0.1481605768203735,,,,,,,,,,,,,,,,,,,,,,-0.1305022984743118,0.3673195838928223,,0.1662702411413193,,,,,,-0.1854772567749023,,,,,,,,,,-0.2155624777078629,,,,,,,,,-0.08643097430467606,,,,,,,,,,,,
578732,,-0.2983345687389374,,,,,,-0.2265457510948181,,,,,,,,,,,,,,,,,-0.2040434926748276,,,0.6035821437835693,,,-0.1445076912641525,,,,,,,,,,,-0.1900365650653839,,,,,,,-0.1761448830366135,,-0.2680296003818512,,,,,,,,,,0.1665202081203461,,,,,,,,,,-0.2105450630187988,,,,,,,,,,,
58579,,-0.2131977677345276,,,,,,,,,,,0.1956938505172729,,,,,,,,,,,0.1427424252033234,,,,0.5068196058273315,,0.1744695156812668,,,0.1553000211715698,,,,,,,,,,,,,,,,0.1738443225622177,,,,,,,,,,,,0.2349443286657333,,,,,,,,,,,,-0.2093882262706757,,,,,,,-0.1301840245723724,,
386123,,-0.1951490193605423,,,,,,-0.3134190738201141,,,,,,,,,,,,,,,,,,,,0.3796162605285645,,,,,,,,,,,-0.1313559263944626,,,-0.1899939328432083,,,,,,,,,,,-0.1513821482658386,,,,,-0.2129529118537903,-0.2344217747449875,,,,,,,,,,,,,,,,-0.1193391159176826,-0.1985997259616852,,,,,,
942792,,0.4310573041439056,,,,,,,,,,,-0.104852668941021,,,,,,,,,,,,,,,-0.2217369675636292,,,,,,,,,,,,0.4216733872890472,,-0.2277236580848694,,,,,,,,,-0.1432644873857498,,0.1025254353880882,,,,,0.1193033382296562,,,0.1337386816740036,,,,,-0.1435110569000244,,,,,,,,,,,,,,,,
82335,,-0.2469177544116974,,,,,,-0.104889988899231,,,,,,,,,,,,,,,,,-0.3314752280712128,-0.1672688126564026,,,,,,,,,,,,,,,0.157210499048233,0.4889791309833527,,0.07473749667406082,,,,,,,,,,,,,,,,0.2416597157716751,0.2540483176708221,,,,,,,,,,,,,,,,,,,-0.08527332544326782,,
893362,-0.1254423856735229,0.1589945703744888,,,,,,-0.2239077538251877,,,,,,,,,,,,0.1467778235673904,,,,,0.1269769221544266,0.1114949807524681,,,,,,,,,,,,,,,,,0.3342916369438171,,0.1404724270105362,,,,,,,,,,,,,,,-0.1150885596871376,-0.2218385338783264,,,,,,,,,,,,,,,,,,,,,
65833,,-0.3868458867073059,,,,,-0.1714406609535217,-0.1185362190008163,,,,,,,,,,,,,,,,,,,,-0.1556416004896164,,,,,,,,,,,,,,-0.2897176742553711,,,,,,,,,-0.1537589579820633,,,,,,,-0.3634853959083557,-0.1799601912498474,,-0.246858686208725,,,,,,,,-0.1378147304058075,,,,,,,,,,,,,
539170,-0.144636407494545,-0.2801026701927185,,,,,,-0.3904604017734528,,,,,,,,,,,0.1507911831140518,,,,,,-0.2617885768413544,-0.1506337970495224,,-0.1447987705469131,,,,,,,,,,,,,,-0.1864816099405289,,,,,,,,,,,,,,,,,,,0.318859189748764,,,,,,,,,,,,,-0.1348244398832321,,,,,,,,
281129,,-0.3007998168468475,,,,,-0.2130617499351501,,,,,,0.168017104268074,,,,,,,,,,,,,,,0.3421977460384369,,,,,,,,,,,,0.3094799220561981,,-0.197264164686203,,,,,,,,-0.1490397900342941,,,,,,,,-0.1456709057092667,-0.2076024264097214,,,,,,,,,,,,,,,,,-0.1491274535655975,,,,,,
574831,,-0.191197544336319,,,,,,,,,,,,,,,,,,,,,,,-0.1902035623788834,-0.1228192821145058,,0.2708154916763306,,,,,,,,,,,-0.1057486832141876,,,-0.2001779079437256,,,,,,,-0.1192085891962051,,-0.105374239385128,,,,,,,-0.4136737585067749,-0.3344156444072723,,,,,,,,,,,,,,,,,,,,,,,
599452,,,,,,0.1975227743387222,,,,,,,,,,,,,,,,,,,,-0.1658296436071396,,-0.1178778186440468,,,,,,,,,,,,,,-0.2271915078163147,,-0.240046888589859,,,,,,,-0.22601518034935,,,,,,,,-0.1434353739023209,0.1236441656947136,0.2674835920333862,0.114446796476841,,,,,,,,,,,,,,,,,,,,
558997,-0.1671672016382217,-0.2196677476167679,,,,,-0.1973295360803604,,,,,,,,,,,,,,,,,,-0.2972999215126038,-0.1947497129440308,,0.1799729019403458,,,,,,,,,,,,,,-0.1208093613386154,,-0.2123743295669556,,,,,,,,,,,,,,,,,-0.4433149099349976,,,,,,,,,,,,,,-0.1646761894226074,,,,,,,
937287,,0.1954461485147476,,,,0.1988276392221451,,,,,,,,,,,,,,0.1102596968412399,,,,-0.1252745687961578,,,,-0.147627517580986,,,,,,,,,,,,,,-0.2004324048757553,-0.1012420877814293,,,,,,,,0.1111888512969017,,,,,,,-0.1445029526948929,,,-0.3453867137432098,,,,,,,,,,,,,,,,,,,,,
987346,-0.2361531555652618,,,,,,,-0.1739188134670258,,,,,-0.1716189384460449,,,,,,,-0.1805850863456726,,,,,,,,-0.2087142169475555,,,,,,,,,,,,,,0.2506144344806671,,,,,,,,,-0.1818071305751801,,,,,,,,,-0.1637501865625381,,,,,,-0.1517986953258514,,,,,,,,,,,,,-0.1650817841291428,,,
985161,-0.1742177158594131,,,,,,,,,,,,,,,,,,,0.09574203938245773,,,,,,,,-0.1520023792982101,-0.09757457673549652,,,,,,,,,,,,,-0.1583164632320404,,,,,,,,,,,,,,,,-0.134465679526329,,-0.07700058072805405,-0.1796277612447739,,,-0.08334346860647202,,-0.1148954629898071,,,,,,,,,,,,,,,,
961213,,0.2786969840526581,,,,,,-0.1807068288326263,,,,,,,,,,,,,,,,,,,,,,,,,,,,,,,,,0.1453866213560104,0.6234205961227417,,0.1151359379291534,,,,,,,,,,,,,,-0.1290803104639053,-0.1525308340787888,-0.1192773729562759,0.1827186495065689,,,,,-0.1470418274402618,,,,,,,,,,,,,,,,
903231,,0.1866681128740311,,,,0.1996267437934875,-0.1997798085212708,-0.3873787820339203,,,,,,,,,,,,0.1449678689241409,,,,,0.1118955314159393,,,,,,,,,,,,,,,,,-0.1113080680370331,0.3693323135375977,,0.1638777256011963,,,,,,,,,,,,,,,,-0.2240402549505234,,,,,,,,,,,,,,,,,,,,,
284753,-0.0978119820356369,-0.1999431848526001,,,,,,,,,,,,,,,,,,0.1554998457431793,,,,,,0.09232095628976822,,,,,,,,,,,,,,,,-0.09413858503103256,0.3650128245353699,,0.1472232788801193,,,,,,,,,,,,,,,-0.09294382482767105,-0.227607399225235,,,-0.09531569480895996,,,,,,,,,,,,,,,,,,
855098,,0.1631533205509186,,,,0.14458367228508,,,,,,,,,,,,,,,,,,,-0.2194450050592422,,,0.4192923903465271,,,,,,,,,,,,,,-0.153012827038765,,,,,,,,,,,,,,,,-0.1579822152853012,-0.2389090359210968,,0.198272243142128,,,,,,,,,,-0.2450409233570099,,,,-0.1495228111743927,,,,,,,
754225,,,,,,,,-0.1805425733327866,,,,0.1418788135051727,0.1699796169996262,,,,,,,,,,,,-0.3214330673217773,-0.2171619087457657,,0.4004746675491333,,,,,,,,,,,,,,0.5001214742660522,,0.121403694152832,,,,,,,,-0.2221501469612122,,,,,,,,,,,,,,,,,,,-0.234837144613266,,,,,,,,,,,
192585,,-0.4743914902210236,,,,0.171482264995575,,,,,,,,,,,,,0.2725386619567871,0.1536254435777664,,,,,,,,,,,,,,,,,,,,0.380260705947876,,-0.2792001962661743,,,,,,,,,0.1481429636478424,,,,,,,,,0.1951511055231094,0.2478794753551483,,,,,,,,,,,,,,,,,,,,,-0.1946661770343781
618672,,-0.1210751757025719,,,,0.09776006639003754,,,,,,,,,,,,,,0.1495916992425919,,,,,0.1197986528277397,0.09245862066745758,,,,,,,,,,,,,,,,-0.1721299439668655,0.3385721743106842,,0.1287921518087387,,,,,,,,,,,,,,,,0.1424753218889236,,,-0.1300357282161713,,,,,,,,,,,,,,,,,,
990092,,0.3613064289093018,,,,-0.43036288022995,-0.3088494837284088,,,,,,-0.1257118284702301,,,,,,,,,,,,,,,-0.1667283773422241,,,,,,,,,,,,,,-0.2178121954202652,,,,,,,,,0.127526119351387,,,,,,,0.1246343106031418,,,-0.1204697489738464,,,,,,,,,,-0.1637951731681824,,,,,,,,,,,
889774,,0.2386398166418076,,,,-0.5399212837219238,,,,,,,-0.1464104354381561,,,,,,,-0.1506595015525818,,,,,,,,-0.2327255010604858,-0.1548340022563934,,,,,,,,,,,,,,,-0.4753633439540863,,,,,,,,,,,,,,0.140798032283783,,,-0.3798755705356598,,,,,,,,,,-0.1684716045856476,,,,,,,,,,,
969197,,0.2383825033903122,,,,,,,,,,-0.1292761266231537,,,-0.135922983288765,,,,,,,,,,,,,0.2099629789590836,,0.1060927212238312,,,,,,,,,,,,0.4499066472053528,,,,,,,,,0.09660544991493225,,,,,,,-0.3024441301822662,,,-0.4169772565364838,,,,,,,,,,,,,,,,,-0.09625472873449326,,,,
954827,,0.2503022253513336,,,,,,,,,,0.1621624231338501,0.2515816688537598,,,,,,,,,,,,,,,0.5900384783744812,,0.1295406371355057,,,,,,,,-0.2155463844537735,,,,-0.1590499728918076,,,,,,,0.1372005641460419,,,,-0.1850959211587906,,,,,,,,,,,,,,,,,,-0.1581753194332123,,,,,,,,,,,
898660,,0.1340180486440659,,,,0.1872127652168274,,,,,,,,,,,,,,,,,,0.1689630746841431,-0.1627643704414368,-0.1948709934949875,,0.3728526830673218,,,,,,,,,,,,,,,,,,,,,,,,,,0.179361030459404,,,,,,,-0.3823403120040894,,,,,,,,-0.1465088576078415,,,,,,,,,,,,,-0.1136799529194832
645435,,-0.2768400311470032,,,,,,,,,,,,,,,-0.1575970649719238,,,,,,,0.1275437772274017,-0.2317716777324677,,,0.5881745219230652,,,,,,,,,,,,,,0.2835962474346161,,-0.2576944530010223,,,,,,-0.1309969574213028,,,,0.1904379725456238,,,,,,,,,,,,,,,,-0.2113000899553299,,,,,,,,,,,,
990553,,0.3543736338615417,,,,,,,,,,,,,,,,,,-0.1103902012109756,,,,,,,,-0.1656544804573059,0.114485576748848,0.1715114861726761,,,,,,,,,,,,-0.274280846118927,,,,,,,,,,,,,,,,0.1310192048549652,,0.1435447782278061,0.2008662521839142,,,-0.1020635589957237,,,,,,,,,,,,,,,,,,
940495,,0.3126067221164703,,,,-0.3638041913509369,,,,,,,,,,,,,,-0.1245112493634224,,,,,,,,-0.1771904528141022,0.09986478835344315,0.1625088453292847,,,,,,,,,,,,-0.2251639068126678,,,,,,,,,0.1174529641866684,,,,,,,,,-0.1092270314693451,-0.1468132734298706,,,,,,,,,,,,,,,,,,,,,
580061,,-0.1482058763504028,,,,,,,,,,,-0.1451626867055893,,,,,,,-0.1535716950893402,,,,,,,,-0.1708953678607941,-0.1114287003874779,,,-0.1933181583881378,,,,,,,,,,,,,,,,,,,-0.2153628170490265,,,,,,,,,-0.1509723961353302,0.2847229838371277,,,,,,,,,,,,,,-0.1256924569606781,,,,,,,
62985,,-0.489695131778717,,,,,-0.2053284198045731,,,,,-0.1882226020097733,0.2027670741081238,,,,,,,,,,,,,,,0.3688585758209229,,,,,,,,,,,,,,-0.2096766233444214,,,,,,,,,,,-0.2393152564764023,,,,,,,,-0.2398397028446198,,,,,,,,,,,,,,,-0.1981048434972763,,,,,,-0.1746801137924194
995015,,0.1809239983558655,,,,,,,,,,,,,,,,,,,,,,,-0.2437676787376404,-0.2234947085380554,,-0.1220180466771126,-0.1018178537487984,,,,,,,,,,,,,0.1742760688066483,,,,,,,,,,,,,,,,,,0.1254472285509109,0.1861947774887085,,,,,,,,,,,,,,,-0.1461772322654724,,,-0.1191022247076035,,,
69765,,-0.2243790626525879,,,,,,,,,,,0.1411401182413101,,,,,,,,,,,0.1718400865793228,,,,0.4145133793354034,,,,,0.1884748339653015,,,,,,,,,,,,,,,,0.1439192146062851,-0.1404500007629395,,,,,,,,,,,0.2529236078262329,,,,,,,,,,,,-0.1568334251642227,,,,,,,,,-0.1401703953742981
785566,-0.2290954291820526,-0.1717870086431503,,,,,,,,,,0.1453769356012344,,,,,,,,,,,,,,,,0.51957768201828,-0.1492313593626022,,,,0.1633550077676773,,,,,,,,,-0.144064262509346,,-0.2528631985187531,,,,,,-0.1685857623815536,,,,,,,,,,,-0.1643845438957214,,,,,,,,,,,,,,,,,,,,,
936625,-0.2857352197170258,0.3142821788787842,,,,,,-0.2369821816682816,,,,-0.1316115409135818,,,,,,,,,,,,,,,,0.2461894601583481,,0.1630483269691467,,,,,,,,,-0.1361988931894302,0.4881636500358582,,-0.2064182907342911,,,,,,,-0.1661569774150848,,,,,,,,,,,,,,,,,,,,,,,,,,,,,,,,,
821147,,0.1557271927595139,,,,,,-0.09152257442474365,,,,,,,,,,,,0.1672011911869049,,,,0.1108947247266769,,,,,,,,,,,,,,,,,,-0.09813381731510162,0.4265339076519012,,0.178616926074028,,,,,,-0.2043079286813736,,,,,,,,,,-0.196194663643837,,,,,,,,,,,0.08605743944644928,,,,,,,,,,
707375,,-0.2027348577976227,,,,0.1309144347906113,,0.1366506814956665,,,,,,,,,,,,0.1594337821006775,,,,,0.1323308497667313,,,,,,,,,,,,,,,,,-0.1768583059310913,0.3786280751228333,,0.1383510231971741,,,,,,-0.288782000541687,,,,,,,,,,0.1308926790952682,,,,,,,,,,,,,,,,,,,,,
885330,-0.310419887304306,0.1872007101774216,,,,0.1632965505123138,,,,,,,,,,,,,0.1846032589673996,0.1416063904762268,,,,,-0.2960224151611328,-0.2296269088983536,,,,,,,,,,,,,,,,-0.1984868794679642,,,,,,,,,,,,,,,,,,,0.160303458571434,,,,,,,,-0.1520947962999344,,,,,,,,,,,,,
775960,,-0.1674625724554062,,,,,,0.1208161115646362,,,,,,,,,,,,-0.2965165674686432,,,,-0.1144866645336151,,,,-0.2349119037389755,,,,,,,,,,,,,-0.1044848263263702,-0.3675429821014404,,,,,,,,,-0.3133588433265686,,-0.1385557800531387,,,,,,,,,,,,,,,,-0.1055367290973663,,,,,,,,,,,,,
951322,,0.1690472364425659,,,,-0.3386388421058655,,,,,,,,,,,,,,0.1692414879798889,,,,0.1022998243570328,0.1246014982461929,,,,,,,,,,,,,,,,,-0.170259952545166,0.3322809040546417,,0.1245097815990448,,,,,,-0.2836547791957855,,,,,,,,,,0.1248191595077515,,,,,,,,,,,,,,,,,,,,,
730926,,-0.1864396780729294,,,,,,,,,,,,,,,,,,,,,,,,-0.1408794671297073,,-0.2103709280490875,,,,,,,,,-0.133347287774086,-0.1223092749714851,,,,-0.2539806365966797,,,,,,,,,-0.1437494158744812,,,,,,,,,-0.1549936980009079,0.1889910995960236,,,,,-0.21251280605793,,,,,,,,,,,,,,,,
983298,,,,,,0.1758035570383072,,,,,,,-0.1252257078886032,,,,,,,-0.1572487056255341,,,,,,,,-0.3036313056945801,-0.1579468697309494,,,,,,,,,,,,,-0.3036798536777496,,,,,,,,,-0.3898603618144989,,,,,,,,,0.2683859169483185,0.1794952303171158,,,,,-0.1489749997854233,,,,,,,,,,,,,,,,
961808,,0.3363981544971466,,,,,,,,,,0.1083918735384941,,,,,,,,-0.1087474524974823,,,,,,,,-0.184229701757431,,,,,,,,,-0.1256466656923294,,,,,-0.2289122045040131,,,,,,,0.1310088187456131,,-0.1481214314699173,,,,,,,0.109882265329361,,,0.159281000494957,,,,,,,,,,,,,,,,,,,,,
932811,,0.1685492098331451,,,,,,-0.2255709320306778,,,,,0.2159368097782135,,,,,,,,,,,,,,,0.5580615401268005,,,,,,,,,,-0.1942952126264572,,,,,,-0.3217941224575043,,,,,,-0.1589037179946899,,-0.1702485680580139,,,,,,,,,0.1943753659725189,,,,,,,,,,-0.2203637957572937,,,,,,,,,,,
71797,,-0.5004867315292358,,,,,,-0.3086202144622803,,,,,,,,,,,,,,,,,,,,-0.1277478337287903,,,,,,,,,,,,,,-0.1660344004631042,0.2002798467874527,,,,,,,,-0.3123326599597931,,,,,,,,,,-0.3986031115055084,,,,,,,,,,,,-0.2918131351470947,-0.1873790621757507,,-0.1217147633433342,,,,,,
930260,,0.2317177802324295,,,,,,-0.2877812087535858,,,,,-0.1260383278131485,,,,,,,-0.1834914982318878,,,,,,,,-0.2718565464019775,-0.1302337646484375,,,,,,,,,,,,,-0.2362449020147324,,,,,,,,,,,,,,,,,,-0.1247637942433357,0.1599083840847015,,,-0.3494193255901337,,,,,,,,,,,,,,,,,,
623690,,-0.397814929485321,,,,0.1731264442205429,,,,,,,,,,,,,,,,,,,,,,0.1503701359033585,,,,,,,,,,,,,0.1661480069160461,0.6507367491722107,,0.116544097661972,,,,,,,,,,,,,,0.1266230940818787,,,-0.3035460412502289,,,-0.160984218120575,,,,,,,-0.1312481164932251,,,,,,,,,,,
901283,,0.1930540800094604,,,,0.1470614522695541,,,,,,0.1214062348008156,,,,,,,,,,,,,,,,0.2672916948795319,,,,,,,,,,,,,,-0.206896036863327,,0.1011825054883957,,,,,0.1148097887635231,,,,,,,,,,,-0.1050177812576294,,,,-0.1253133714199066,,,,,-0.1524607539176941,,,,,,,,,,,,,
195217,,-0.4365996122360229,,,,,,,,,,0.162571981549263,0.2412202954292297,,,,,,,0.1470396667718887,,,,,-0.1671098917722702,,,0.6342253684997559,,0.1860582828521729,,,,,,,,,,,,,,,,,,,0.1351464539766312,-0.1612868010997772,,,,,,,,,,,-0.4679577350616455,,,,,,,,,,,,,,,,,,,,,
198245,,-0.3102752566337585,,,,,,,,,,,-0.1488733291625977,,,,,,,-0.1217547133564949,,,,,,,,-0.200401782989502,-0.124024398624897,,,,,,,,,,,,,0.1543509960174561,,-0.3338644206523895,,,,,,,,-0.3046855032444,,,,,,,,,-0.6623465418815613,,,,,,,,-0.1363748610019684,,,,,,,,,,,,,
594839,,,,,,,-0.1836794316768646,0.1194236800074577,,,,,,,,,,,,-0.15633824467659,,,,,,,,-0.17208431661129,-0.1241902783513069,,,,,,,,,,,,0.1072750687599182,0.8295228481292725,,,,,,,,,-0.1887896806001663,,,,,,,,,,0.1537610739469528,,,,,,,,-0.1437711417675018,,,,,,,,,,,,,
982473,,0.1877157986164093,,,,,,,,,,,-0.1322111636400223,,,,,,,-0.1045211851596832,,,,,,-0.1259748488664627,,-0.1340813040733337,,,,,,,,,,,,,,0.2768731117248535,,0.1139574497938156,,,,,,,,,,,,,,,,-0.1251758486032486,-0.546830952167511,,,,,-0.1414874196052551,,,,,,,,,,,,,,,,
135536,,-0.5279641151428223,,,,-0.4569289684295654,-0.1607443392276764,,,,,,,,,,,,,,,,,,,,,-0.1290365159511566,,,,,,,,,,,,,,-0.1738848686218262,0.1801564693450928,,,,,,,,,,,,,,,-0.1277261078357697,,,-0.39055135846138,,,,,,,,,,,,-0.2999337911605835,-0.1707006990909576,,,,,,,,
905696,,0.1823166608810425,,,,,-0.2788335680961609,,,,,,,,,,,,,,,,,,,,,0.1757834851741791,,,,,,,,,,,,,0.1422174870967865,0.5587254762649536,,,,,,,,,-0.2082167863845825,,,,,,,-0.3417288661003113,-0.256214052438736,,-0.4383897185325623,,,,,,,,,,-0.2537736296653748,,,,,,,,,,,
332608,-0.2265453487634659,-0.164579913020134,,,,,,-0.2445559799671173,,,,0.2211947590112686,0.2150795608758926,,,,,,,0.1639537066221237,,,,,,,,0.5658099055290222,,,,,,,,,,,,,,-0.1654986888170242,,-0.4013745784759521,,,,,0.1719653308391571,,,,,,,,,,,,,,,,,,,,,,,,,,,,,,,,,
582280,-0.3601975440979004,,,,,,-0.1334968507289886,,,,,,-0.136071652173996,,,,,,,,,,,0.1548394113779068,,,,-0.1497147977352142,,,,,,,,,,,,,,0.1847333014011383,,,,,,,,-0.1620835661888123,,,,,,,,,,,0.246398463845253,,,,,,,,-0.1636925935745239,,,,,,,,,,,,,-0.2291537523269653
20323,,-0.2777480483055115,,,,,-0.1547926366329193,,,,,,0.1370048820972443,,,,,,0.1621401309967041,,,,,,,,,0.1986803114414215,,,,,,,,,,,,,,-0.171689584851265,,,,,,,,-0.192889466881752,,-0.1647356748580933,,,,,,,-0.1750044077634811,,0.1922979354858398,,,,,,,,,,,,,,,,,,,,,
286878,-0.1094604730606079,-0.1744192838668823,,,,,,,,,,,-0.1055866554379463,,,,,,,-0.2636787593364716,,,,,,,,-0.2606487274169922,,-0.115501694381237,,,,,,,,,,,,-0.3325011432170868,,,,,,,,,0.1481844931840897,,,,,,,,,0.1573050171136856,0.1441743224859238,,,,,,,,,,,,,,,,,,,,,
623885,-0.3628269731998444,-0.213532418012619,,,,,,,,,,,-0.1405618339776993,,,,,,,-0.1788284629583359,,,,,,,,-0.2209262400865555,-0.1387311518192291,,,,,,,,,,,,,,,,,,,,,,,,,,,,,,,,-0.4340113997459412,,,,,,,,-0.1767698377370834,,,,,,,,,,-0.1535380333662033,,,-0.2055170834064484
912683,,0.2053188383579254,,,,,,,,,,,,,,,,,,-0.1125189438462257,,,,,,,,-0.162393257021904,,-0.09615439176559448,,,,,,,-0.1034567281603813,-0.1006603464484215,,,,-0.1461019515991211,,0.09116595983505249,,,,,,,,,,,,,,-0.09472469985485077,,,-0.3252136409282684,,,,,,,,,,,,,,,,,,,,,
224828,,-0.2455810904502869,,,,,-0.1246667802333832,,,,,,,,,,,,0.1511455476284027,,,,,,-0.1051170080900192,-0.1005621030926704,,-0.1761707812547684,,,,-0.1821541786193848,,,,,,,,,,-0.1453294605016708,,,,,,,,,,,,,,,,,,-0.09965768456459045,0.3183987438678741,,,,,,,,,,,,,,,,,,,,,
13961,,-0.2563628554344177,,,,,-0.1526775062084198,,,,,,,,,,,,,,,,,0.2131984978914261,,,,0.1823063045740128,,,,,0.2110272496938705,,,,,,,,,,,-0.2013657689094543,,,,,0.1771833747625351,,,,,0.1344555616378784,,,,,,,,,,,,,,,,,,,-0.1723601967096329,,,,,,,,,-0.2118900269269943
722401,-0.1165731027722359,-0.1738415360450745,,,,0.2210712730884552,-0.1354741901159286,-0.1125400140881538,,,,,,,,,,,,,,,,,,,,-0.1444116830825806,,,,,,,,,,,,,,-0.2227374762296677,,,,,,,,,0.1399452835321426,,,,,,,-0.1128973588347435,,,-0.3079300820827484,,,,,,,,,,,,,,,,,,,,,
47341,,-0.2916817665100098,,,,,-0.1857819855213165,,,,,,0.1273141205310822,,,,-0.1041044965386391,,,,,,,,,,,0.2188288867473602,,0.1158249750733376,,,,,,,,,,,0.110213965177536,0.4908755123615265,,0.1109502539038658,,,,,,,,,,,,,,,,,,,,,,,,,-0.1354978084564209,,,,,,,,,,,,,
59888,,-0.314764142036438,,,,,-0.1924592554569244,-0.2170379012823105,,,,,,,,,,,,-0.1617066413164139,,,,,,,,-0.2294542491436005,,,,,,,,,,,,,,-0.2723369002342224,,,,,,,,,-0.4553915560245514,,,,,,,,,,0.1902658045291901,,,,,,,,,,-0.1326937675476074,,,,,,,,,-0.1280345469713211,,
897796,-0.3458438217639923,,,,,,,,,,,,,,,,,,,-0.1556062251329422,,,,,,,,-0.2482027411460876,-0.1145310252904892,,,,,,,,,,,,,-0.2394313514232635,,,,,,,,,0.1328392177820206,,,,,,,-0.1379592418670654,,,-0.2854011952877045,,,,,,,,,,-0.1791983246803284,-0.1476964503526688,,,,,,,,,,
941218,,0.1820223033428192,,,,,,-0.3318757116794586,,,,,,,,,,,,0.1521487236022949,,,,,0.1073217689990997,0.09531372040510178,,,,,,,,,,,,,,,,-0.1025484874844551,0.3718049228191376,,0.1611789017915726,,,,,,,,,,,,,-0.09916561096906662,,,-0.2373432070016861,,,,,,,,,,,,,,,,,,,,,
610228,,-0.1225803792476654,,,,,,0.1085698083043098,,,,,,,,,-0.1292944252490997,,,,,,,,-0.227451890707016,-0.1337813436985016,,-0.1536555290222168,,,,,,,,,,,,,,0.4554213285446167,,,,,,,,,,,-0.1076422184705734,,,,,,,-0.1600912660360336,0.260160893201828,,,,,,,,,,,,,,,,,,,,,
992588,,0.325528085231781,,,,,,,,,,,-0.131914421916008,,,,,,,-0.1550854593515396,,,,,,,,-0.1790222823619843,,,,,,,,,,,,0.2178958356380463,,-0.2277793288230896,,,,,,,,,-0.2289270311594009,,,,,,,,,,0.1452457010746002,,,,,-0.1170452684164047,,,-0.1347292065620422,,,,,,,,,,,,,
733390,,-0.2206465154886246,,,,-0.4697073698043823,,,,,,0.1870770454406738,0.2509712278842926,,,,,,,,,,,,,,,0.6406687498092651,,0.1394355595111847,,,,,,,,,,,,-0.1783745735883713,,-0.3105404376983643,,,,,0.1365454643964767,-0.2104628682136536,,,,,,,,,,,,,,,,,,,,,,,,,,,,,,,,
922659,,0.1797982603311539,,,,,,,,,,0.1740723103284836,,,,,,,,,,,,0.1380514353513718,-0.1439973115921021,,,0.2685846388339996,-0.1617284566164017,,,,0.1668000519275665,,,,,,,,,,,-0.2895908653736115,,,,,,-0.1604349911212921,,,,,,,,,,,-0.3488210141658783,,,,,,,,,,,,,,,,,,,,,
930258,-0.224200427532196,0.2135462313890457,,-0.1218454912304878,,,,-0.2830891907215118,,,,,,,,,,,,0.1410413682460785,,,,,,,,-0.1772782951593399,,,,,,,,,,,,,0.1688186973333359,-0.290253609418869,,,,,,,,,-0.3100092709064484,,,,,,,,,,0.1631273329257965,,,,,,,,,,,,,,,,,,,,,
596152,-0.3263315260410309,-0.1756469160318375,,,,,,,,,,,-0.1212122738361359,,,,,,,-0.1925772726535797,,,,,,,,-0.2075887769460678,,,,,,,,,,,,,,-0.2464075237512589,,,,,,,,,,,-0.1419862508773804,,,,,,,-0.1155151426792145,0.1611407995223999,,,,,-0.1210783943533897,,,,,,,,,,,,,,,,
923960,-0.1673306375741959,0.2187246829271317,,,,,,,,,,,,,,,,,0.1331095695495605,,,,,,-0.2391882240772247,-0.162110909819603,,-0.1481742113828659,,,,,,,,,,,,,0.0945429876446724,0.3259800672531128,,0.0919528678059578,,,,,,,,,,,,,,,,,0.1989094018936157,,,,,,,,,,,,,,,,,,,,,
896573,,0.2066785991191864,,,,,,-0.2799845039844513,,,,,,,,,,,,,,,,0.2327428758144379,,,,-0.1802364885807037,-0.1024569496512413,,,-0.1823501139879227,,,,,,,,,,-0.1266887485980988,,-0.1655476987361908,,,,,,,,,,,,,,,,,0.2650938928127289,,,,,,,,,,,,,,,-0.1326681077480316,,,,,,
995733,,0.3158673942089081,,,,0.2203467041254044,,,,,,,,,,,,,,-0.1050070449709892,,,,,,,,-0.128917783498764,0.1112891361117363,,,,,,,,,,,,0.1034448221325874,0.2593276500701904,,,,,,,,,,,0.1165648028254509,,,,,,,0.1096087098121643,-0.107990488409996,,,,,,,,,,,,,,,,,,,,,
976771,,0.446502298116684,,,,,,,,,,,-0.1138320565223694,,,,,,,-0.1247303262352943,,,,,,,,-0.1735236644744873,0.1089599430561066,,,,,,,,,,,0.4543997049331665,,-0.1990069448947906,,,,,,,,,,,,,,,,0.1231948956847191,,,0.1909399479627609,,,,,,,,,,-0.1259282827377319,,,,,,,,,,,
309328,,-0.1794204860925674,,,,-0.3134300708770752,,,,,,,,,,,,,,,,,,,-0.1049501746892929,-0.1517947614192963,,-0.144521489739418,,,,,,,,,,,,,0.1237712725996971,0.1294118762016296,,0.09277224540710449,,,,,,,,,,,,,,,,,-0.2598673105239868,,,,,,,,,-0.2838628590106964,,,,,,,,,,,,
900403,,0.3216418623924255,,,,,,,,,,-0.1354889124631882,,,,,,,,,,,,,,,,0.2196740657091141,0.1057948842644691,0.1565154194831848,,,,,,,,,-0.1104950681328773,0.5124378204345703,,-0.212523490190506,,,,,,,-0.1686506271362305,,,,,,,,,-0.2918081283569336,,,,,,,,,,,,,,,,,,,,,,,,
313523,,-0.2186759412288666,,,,,,,,,,,,,,,,,0.1499077975749969,0.1596673876047134,,,,,-0.376495897769928,-0.2767057418823242,,-0.1466058492660522,,,,,,,,,,,,,,-0.1678899675607681,,,,,,,,,,,,0.1729321777820587,,,,,,,0.3273798823356628,,,,,,,,,,,,,,,,,,,-0.1177556216716766,,
947858,,,,,,0.1554694771766663,,,,,,0.1859650015830994,,,,,,,,-0.1483415067195892,,,,,,,,0.208291620016098,-0.1574529558420181,,,,,,,,,,,,,0.3518808782100677,,-0.3068187236785889,,,,,,-0.1624704450368881,,,,,,,,,,,-0.63587886095047,,,,,,,,,,,,,,,,,,,,,-0.1502323597669601
754882,-0.2922432422637939,-0.1597397178411484,,,,-0.2902241945266724,,,,,,0.1679388135671616,0.2319245785474777,,,,,,,,,,,,-0.1934107393026352,,,0.6576732993125916,,,,,0.1662200391292572,,,,,,,,,,,,,,,,,-0.1756902486085892,,,,,,,,,,,-0.1604840308427811,,,,,,,,,,,,,,,,,,,,,
102606,,-0.2664835453033447,,,,,-0.2280316203832626,,,,,,,,,,,,,-0.2139923125505447,,,,,,,,-0.2937479615211487,-0.1413829326629639,,,,,,,,,,,,,-0.3695712983608246,,,,,,,,,-0.4477668404579163,,,,,,,,,0.1572941541671753,,,,,,,,,,,,,-0.2749826014041901,,,-0.1761116683483124,,,,,,
329096,,-0.1614973992109299,,,,,,,,,,0.1864117383956909,0.2286585420370102,,,,,,,,,,,,,,,0.5494381189346313,,,,,,,,,,,-0.1563301384449005,,,-0.1574900895357132,,-0.2602078020572662,,,,,,-0.1543001383543015,,,,,,,,,,,0.1585640013217926,,,,,,,,,,,,,,,-0.192041277885437,,,,,,
590733,,-0.1840342879295349,,,,,-0.1808375269174576,,,,,0.1488635390996933,0.1864750385284424,,,,,,,,,,,,,,,0.408626526594162,,0.166920080780983,,,,,,,,,,,,0.5732368230819702,,-0.2490205317735672,,,,,0.10211580991745,,,,,,,,,,,-0.1063465178012848,,,,,,,,,,,,,,,,,,,,,,
743653,,-0.2133753299713135,,,,-0.460409015417099,,,,,,,-0.1225036010146141,,,,,,,,,,,,,,,-0.1979607492685318,,,-0.1402604728937149,-0.177646279335022,,,,,,,,,,,,-0.226071909070015,,,,,,,,,,,,,,,,-0.142715260386467,0.2065590173006058,,,,,,,,,-0.2253011614084244,,,,,,,,,,,,
